"['金水区', '紫荆山']",金水路108号,58,8737,"['2室1厅1卫', '高楼层 (共7层)', '66.39㎡', '平层', '板楼', '东南 东 南', '砖混结构', '简装', '一梯两户', '自供暖']"
"['中原区', '热电厂']",物华城上城,105,11880,"['2室2厅1卫', '高楼层 (共15层)', '88.39㎡', '平层', '69.48㎡', '板楼', '南', '钢混结构', '简装', '两梯三户', '集中供暖', '有']"
"['管城回族区', '万客来']",春天花园,101,10340,"['2室2厅1卫', '中楼层 (共11层)', '97.68㎡', '平层', '板楼', '南 北', '钢混结构', '精装', '一梯两户', '自供暖']"
"['郑东新区', '郑东老街']",永威翰林居,418,32007,"['3室2厅2卫', '高楼层 (共8层)', '130.6㎡', '平层', '板楼', '东', '钢混结构', '精装', '一梯三户', '集中供暖', '有']"
"['管城回族区', '管南区域']",七里香堤,132,14538,"['3室1厅1卫', '低楼层 (共28层)', '90.8㎡', '平层', '68.56㎡', '板塔结合', '东南', '钢混结构', '精装', '两梯五户', '集中供暖', '有']"
"['中原区', '月季公园']",嵩岳小区,56,9743,"['2室1厅1卫', '中楼层 (共6层)', '57.48㎡', '平层', '板楼', '南', '砖混结构', '简装', '一梯三户', '自供暖']"
"['荥阳市', '荥阳城区']",梧桐雨,103,10294,"['3室1厅1卫', '低楼层 (共24层)', '100.06㎡', '平层', '73.98㎡', '板塔结合', '南 北', '钢混结构', '其他', '两梯两户', '集中供暖', '有']"
"['高新区', '高新梧桐']",升龙又一城2号院,105,11678,"['2室2厅1卫', '中楼层 (共33层)', '89.92㎡', '平层', '板塔结合', '西南', '钢混结构', '其他', '两梯四户', '集中供暖', '有']"
"['航空港区', '航空港商圈']",万科美景魅力之城幽兰园,82,9180,"['3室1厅1卫', '低楼层 (共23层)', '89.33㎡', '平层', '66.15㎡', '板楼', '南 北', '钢混结构', '精装', '两梯四户', '集中供暖', '有']"
"['郑东新区', '白沙']",郑东名筑,115,10438,"['4室2厅2卫', '中楼层 (共11层)', '110.18㎡', '平层', '塔楼', '南 北', '钢混结构', '简装', '两梯两户', '集中供暖', '有']"
"['郑东新区', '通泰路']",中凯华府,81,19490,"['1室1厅1卫', '中楼层 (共18层)', '41.56㎡', '平层', '31.06㎡', '板塔结合', '北', '钢混结构', '精装', '两梯十六户', '集中供暖', '有']"
"['金水区', '燕庄']",银基王朝,210,18714,"['2室2厅1卫', '高楼层 (共32层)', '112.22㎡', '平层', '板塔结合', '南', '钢混结构', '其他', '两梯四户', '集中供暖', '有']"
"['惠济区', '惠济万达']",天伦庄园三期,210,14668,"['4室2厅2卫', '低楼层 (共25层)', '143.17㎡', '平层', '114.27㎡', '板塔结合', '西 南 北', '钢混结构', '简装', '两梯四户', '集中供暖', '有']"
"['金水区', '沙口路']",飞马雅居,139,12161,"['3室1厅1卫', '中楼层 (共6层)', '114.3㎡', '平层', '104.06㎡', '板楼', '南 北', '砖混结构', '精装', '八梯两户', '自供暖', '有']"
"['中原区', '五龙口']",领创天誉华庭,155,17483,"['3室2厅1卫', '高楼层 (共33层)', '88.66㎡', '平层', '63.92㎡', '板楼', '南 北', '钢混结构', '简装', '两梯四户', '集中供暖', '有']"
"['航空港区', '航空港商圈']",正弘中央公园麓林苑,100,8487,"['3室1厅2卫', '低楼层 (共26层)', '117.84㎡', '平层', '板楼', '南 北', '钢混结构', '其他', '两梯四户', '集中供暖', '有']"
"['荥阳市', '荥阳城区']",河阴北路031号,39,2789,"['3室1厅1卫', '高楼层 (共6层)', '139.88㎡', '平层', '暂无数据', '南', '未知结构', '简装', '一梯两户']"
"['高新区', '高新新郑大']",裕华满园,110,12478,"['3室2厅1卫', '低楼层 (共33层)', '88.16㎡', '平层', '板塔结合', '南', '钢混结构', '毛坯', '两梯五户', '集中供暖', '有']"
"['金水区', '海洋馆']",假日蓝湾,170,14073,"['3室2厅2卫', '中楼层 (共6层)', '120.8㎡', '平层', '板塔结合', '南 北', '钢混结构', '其他', '三梯两户', '集中供暖', '有']"
"['中原区', '中原万达']",中原名邸,55,11939,"['1室1厅1卫', '中楼层 (共29层)', '46.07㎡', '平层', '37.02㎡', '板塔结合', '北', '混合结构', '精装', '三梯十二户', '集中供暖', '有']"
"['中牟县', '中牟城区']",桃源小区,42,5997,"['2室1厅1卫', '高楼层 (共6层)', '70.04㎡', '平层', '板楼', '南 北', '混合结构', '简装', '一梯两户', '集中供暖']"
"['中原区', '五龙口']",金水世纪城,108,13813,"['2室1厅1卫', '低楼层 (共33层)', '78.19㎡', '平层', '板塔结合', '南', '钢混结构', '简装', '两梯四户', '集中供暖', '有']"
"['高新区', '五龙口']",红河瀛园一期东院,105,10143,"['2室1厅1卫', '低楼层 (共17层)', '103.52㎡', '平层', '塔楼', '南 北', '钢混结构', '精装', '两梯四户', '自供暖', '有']"
"['郑东新区', '通泰路']",润城时光里,145,16593,"['2室1厅1卫', '高楼层 (共27层)', '87.39㎡', '平层', '65.14㎡', '塔楼', '南', '钢混结构', '精装', '两梯四户', '集中供暖', '有']"
"['管城回族区', '二七广场']",管城街,70,10209,"['2室1厅1卫', '中楼层 (共7层)', '68.57㎡', '平层', '板楼', '南 北', '混合结构', '其他', '一梯两户', '自供暖']"
"['新郑市', '南龙湖商圈']",康桥原溪里1号院,72,8869,"['2室1厅1卫', '中楼层 (共18层)', '81.19㎡', '平层', '62.58㎡', '板楼', '南', '钢混结构', '其他', '两梯四户', '自供暖', '有']"
"['管城回族区', '世纪欢乐园']",紫云小区,80,12438,"['2室1厅1卫', '高楼层 (共6层)', '64.32㎡', '平层', '56.89㎡', '板楼', '南', '混合结构', '其他', '一梯两户', '自供暖']"
"['荥阳市', '荥阳城区']",政法小区,35,2967,"['3室1厅2卫', '高楼层 (共6层)', '118㎡', '平层', '109.79㎡', '暂无数据', '南 北', '砖混结构', '简装', '一梯两户']"
"['二七区', '万客来']",海豫花园,90,11484,"['2室1厅1卫', '低楼层 (共34层)', '78.37㎡', '平层', '54.22㎡', '塔楼', '东北', '钢混结构', '其他', '五梯十四户', '集中供暖', '有']"
"['金水区', '沙口路']",汉飞金沙国际,130,14194,"['2室2厅1卫', '中楼层 (共28层)', '91.59㎡', '平层', '73.08㎡', '板塔结合', '南', '钢混结构', '精装', '两梯四户', '自供暖', '有']"
"['金水区', '紫荆山']",金水路108号,58,8737,"['2室1厅1卫', '高楼层 (共7层)', '66.39㎡', '平层', '板楼', '东南 东 南', '砖混结构', '简装', '一梯两户', '自供暖']"
"['中原区', '热电厂']",物华城上城,105,11880,"['2室2厅1卫', '高楼层 (共15层)', '88.39㎡', '平层', '69.48㎡', '板楼', '南', '钢混结构', '简装', '两梯三户', '集中供暖', '有']"
"['管城回族区', '万客来']",春天花园,101,10340,"['2室2厅1卫', '中楼层 (共11层)', '97.68㎡', '平层', '板楼', '南 北', '钢混结构', '精装', '一梯两户', '自供暖']"
"['郑东新区', '郑东老街']",永威翰林居,418,32007,"['3室2厅2卫', '高楼层 (共8层)', '130.6㎡', '平层', '板楼', '东', '钢混结构', '精装', '一梯三户', '集中供暖', '有']"
"['管城回族区', '管南区域']",七里香堤,132,14538,"['3室1厅1卫', '低楼层 (共28层)', '90.8㎡', '平层', '68.56㎡', '板塔结合', '东南', '钢混结构', '精装', '两梯五户', '集中供暖', '有']"
"['中原区', '月季公园']",嵩岳小区,56,9743,"['2室1厅1卫', '中楼层 (共6层)', '57.48㎡', '平层', '板楼', '南', '砖混结构', '简装', '一梯三户', '自供暖']"
"['荥阳市', '荥阳城区']",梧桐雨,103,10294,"['3室1厅1卫', '低楼层 (共24层)', '100.06㎡', '平层', '73.98㎡', '板塔结合', '南 北', '钢混结构', '其他', '两梯两户', '集中供暖', '有']"
"['高新区', '高新梧桐']",升龙又一城2号院,105,11678,"['2室2厅1卫', '中楼层 (共33层)', '89.92㎡', '平层', '板塔结合', '西南', '钢混结构', '其他', '两梯四户', '集中供暖', '有']"
"['航空港区', '航空港商圈']",万科美景魅力之城幽兰园,82,9180,"['3室1厅1卫', '低楼层 (共23层)', '89.33㎡', '平层', '66.15㎡', '板楼', '南 北', '钢混结构', '精装', '两梯四户', '集中供暖', '有']"
"['郑东新区', '白沙']",郑东名筑,115,10438,"['4室2厅2卫', '中楼层 (共11层)', '110.18㎡', '平层', '塔楼', '南 北', '钢混结构', '简装', '两梯两户', '集中供暖', '有']"
"['郑东新区', '通泰路']",中凯华府,81,19490,"['1室1厅1卫', '中楼层 (共18层)', '41.56㎡', '平层', '31.06㎡', '板塔结合', '北', '钢混结构', '精装', '两梯十六户', '集中供暖', '有']"
"['金水区', '燕庄']",银基王朝,210,18714,"['2室2厅1卫', '高楼层 (共32层)', '112.22㎡', '平层', '板塔结合', '南', '钢混结构', '其他', '两梯四户', '集中供暖', '有']"
"['惠济区', '惠济万达']",天伦庄园三期,210,14668,"['4室2厅2卫', '低楼层 (共25层)', '143.17㎡', '平层', '114.27㎡', '板塔结合', '西 南 北', '钢混结构', '简装', '两梯四户', '集中供暖', '有']"
"['金水区', '沙口路']",飞马雅居,139,12161,"['3室1厅1卫', '中楼层 (共6层)', '114.3㎡', '平层', '104.06㎡', '板楼', '南 北', '砖混结构', '精装', '八梯两户', '自供暖', '有']"
"['中原区', '五龙口']",领创天誉华庭,155,17483,"['3室2厅1卫', '高楼层 (共33层)', '88.66㎡', '平层', '63.92㎡', '板楼', '南 北', '钢混结构', '简装', '两梯四户', '集中供暖', '有']"
"['航空港区', '航空港商圈']",正弘中央公园麓林苑,100,8487,"['3室1厅2卫', '低楼层 (共26层)', '117.84㎡', '平层', '板楼', '南 北', '钢混结构', '其他', '两梯四户', '集中供暖', '有']"
"['荥阳市', '荥阳城区']",河阴北路031号,39,2789,"['3室1厅1卫', '高楼层 (共6层)', '139.88㎡', '平层', '暂无数据', '南', '未知结构', '简装', '一梯两户']"
"['高新区', '高新新郑大']",裕华满园,110,12478,"['3室2厅1卫', '低楼层 (共33层)', '88.16㎡', '平层', '板塔结合', '南', '钢混结构', '毛坯', '两梯五户', '集中供暖', '有']"
"['金水区', '海洋馆']",假日蓝湾,170,14073,"['3室2厅2卫', '中楼层 (共6层)', '120.8㎡', '平层', '板塔结合', '南 北', '钢混结构', '其他', '三梯两户', '集中供暖', '有']"
"['中原区', '中原万达']",中原名邸,55,11939,"['1室1厅1卫', '中楼层 (共29层)', '46.07㎡', '平层', '37.02㎡', '板塔结合', '北', '混合结构', '精装', '三梯十二户', '集中供暖', '有']"
"['中牟县', '中牟城区']",桃源小区,42,5997,"['2室1厅1卫', '高楼层 (共6层)', '70.04㎡', '平层', '板楼', '南 北', '混合结构', '简装', '一梯两户', '集中供暖']"
"['中原区', '五龙口']",金水世纪城,108,13813,"['2室1厅1卫', '低楼层 (共33层)', '78.19㎡', '平层', '板塔结合', '南', '钢混结构', '简装', '两梯四户', '集中供暖', '有']"
"['高新区', '五龙口']",红河瀛园一期东院,105,10143,"['2室1厅1卫', '低楼层 (共17层)', '103.52㎡', '平层', '塔楼', '南 北', '钢混结构', '精装', '两梯四户', '自供暖', '有']"
"['郑东新区', '通泰路']",润城时光里,145,16593,"['2室1厅1卫', '高楼层 (共27层)', '87.39㎡', '平层', '65.14㎡', '塔楼', '南', '钢混结构', '精装', '两梯四户', '集中供暖', '有']"
"['管城回族区', '二七广场']",管城街,70,10209,"['2室1厅1卫', '中楼层 (共7层)', '68.57㎡', '平层', '板楼', '南 北', '混合结构', '其他', '一梯两户', '自供暖']"
"['新郑市', '南龙湖商圈']",康桥原溪里1号院,72,8869,"['2室1厅1卫', '中楼层 (共18层)', '81.19㎡', '平层', '62.58㎡', '板楼', '南', '钢混结构', '其他', '两梯四户', '自供暖', '有']"
"['管城回族区', '世纪欢乐园']",紫云小区,80,12438,"['2室1厅1卫', '高楼层 (共6层)', '64.32㎡', '平层', '56.89㎡', '板楼', '南', '混合结构', '其他', '一梯两户', '自供暖']"
"['荥阳市', '荥阳城区']",政法小区,35,2967,"['3室1厅2卫', '高楼层 (共6层)', '118㎡', '平层', '109.79㎡', '暂无数据', '南 北', '砖混结构', '简装', '一梯两户']"
"['二七区', '万客来']",海豫花园,90,11484,"['2室1厅1卫', '低楼层 (共34层)', '78.37㎡', '平层', '54.22㎡', '塔楼', '东北', '钢混结构', '其他', '五梯十四户', '集中供暖', '有']"
"['金水区', '沙口路']",汉飞金沙国际,130,14194,"['2室2厅1卫', '中楼层 (共28层)', '91.59㎡', '平层', '73.08㎡', '板塔结合', '南', '钢混结构', '精装', '两梯四户', '自供暖', '有']"
"['金水区', '燕庄']",名门盛世公寓,43,10275,"['1室0厅1卫', '中楼层 (共33层)', '41.85㎡', '暂无数据', '28.98㎡', '塔楼', '北', '钢混结构', '简装', '四梯二十六户', '集中供暖', '有']"
"['中原区', '热电厂']",惠众西城一品,140,15830,"['2室1厅1卫', '中楼层 (共31层)', '88.44㎡', '平层', '板塔结合', '南', '钢混结构', '其他', '两梯四户', '集中供暖', '有']"
"['郑东新区', '通泰路']",中凯华府,81,19490,"['1室1厅1卫', '中楼层 (共18层)', '41.56㎡', '平层', '31.06㎡', '板塔结合', '北', '钢混结构', '精装', '两梯十六户', '集中供暖', '有']"
"['金水区', '北站']",北云鹤花园,350,17961,"['4室2厅2卫', '中楼层 (共7层)', '194.87㎡', '暂无数据', '板楼', '南 北', '混合结构', '简装', '一梯两户', '自供暖']"
"['郑东新区', '郑东老街']",运河上郡,376,24545,"['3室2厅2卫', '中楼层 (共14层)', '153.19㎡', '暂无数据', '板塔结合', '南 北', '钢混结构', '精装', '两梯三户', '集中供暖', '有']"
"['郑东新区', '郑州东站']",万科福晟万科誉,40,17826,"['1室1厅1卫', '高楼层 (共32层)', '22.44㎡', '平层', '塔楼', '南', '钢混结构', '精装', '五梯三十六户', '集中供暖', '有', '商水', '商电']"
"['二七区', '市财政局']",升龙城8号院,183,14864,"['3室2厅2卫', '高楼层 (共28层)', '123.12㎡', '暂无数据', '板楼', '南', '钢混结构', '精装', '两梯四户', '集中供暖', '有']"
"['管城回族区', '世纪欢乐园']",美景天城,130,10189,"['3室2厅2卫', '高楼层 (共6层)', '127.6㎡', '暂无数据', '板楼', '南 北', '混合结构', '简装', '十梯两户', '集中供暖', '有']"
"['金水区', '燕庄']",银基王朝,210,18714,"['2室2厅1卫', '高楼层 (共32层)', '112.22㎡', '平层', '板塔结合', '南', '钢混结构', '其他', '两梯四户', '集中供暖', '有']"
"['荥阳市', '荥阳城区']",郑州碧桂园一期柏丽郡,480,14305,"['5室3厅3卫', '低楼层 (共3层)', '335.57㎡', '南 北', '未知结构', '毛坯', '暂无数据']"
"['惠济区', '惠济万达']",天伦庄园三期,210,14668,"['4室2厅2卫', '低楼层 (共25层)', '143.17㎡', '平层', '114.27㎡', '板塔结合', '西 南 北', '钢混结构', '简装', '两梯四户', '集中供暖', '有']"
"['金水区', '燕庄']",绿城水岸名苑,127,15834,"['2室1厅1卫', '高楼层 (共26层)', '80.21㎡', '平层', '67.42㎡', '塔楼', '南', '钢混结构', '其他', '三梯十一户', '集中供暖', '有']"
"['二七区', '兴华南街']",亚星盛世悦都,49,13615,"['1室0厅1卫', '高楼层 (共31层)', '35.99㎡', '暂无数据', '27.9㎡', '板塔结合', '北', '钢混结构', '简装', '两梯七户', '集中供暖', '有']"
"['郑东新区', '白沙']",恒通风景苑,88,6975,"['3室1厅1卫', '中楼层 (共7层)', '126.18㎡', '平层', '暂无数据', '南', '未知结构', '简装', '两梯一户', '有']"
"['金水区', '燕庄']",银基王朝4期东南御,273,18572,"['4室2厅2卫', '低楼层 (共33层)', '147㎡', '暂无数据', '64.04㎡', '板楼', '南 北', '钢混结构', '其他', '两梯六户', '集中供暖', '有']"
"['高新区', '五龙口']",通和明镜台,75,11064,"['2室2厅1卫', '高楼层 (共6层)', '67.79㎡', '暂无数据', '59.84㎡', '板楼', '南 东南', '混合结构', '其他', '一梯四户', '集中供暖']"
"['金水区', '东建材']",升龙凤凰城A区,188,13447,"['3室2厅2卫', '高楼层 (共30层)', '139.81㎡', '平层', '114.22㎡', '塔楼', '南 北', '钢混结构', '精装', '两梯六户', '集中供暖', '有']"
"['郑东新区', '郑州东站']",海马公园三期,265,29468,"['2室2厅1卫', '中楼层 (共28层)', '89.93㎡', '暂无数据', '板塔结合', '南', '钢混结构', '精装', '两梯四户', '集中供暖', '有']"
"['郑东新区', '郑州东站']",尚书苑,196,21363,"['2室1厅1卫', '中楼层 (共14层)', '91.75㎡', '暂无数据', '67.58㎡', '板楼', '南', '钢混结构', '精装', '两梯三户', '集中供暖', '有']"
"['二七区', '火车站']",西彩小区6号院,58,8554,"['2室1厅1卫', '中楼层 (共7层)', '67.81㎡', '平层', '62.31㎡', '板楼', '南 北', '砖混结构', '其他', '一梯四户', '自供暖']"
"['金水区', '沙口路']",飞马雅居,139,12161,"['3室1厅1卫', '中楼层 (共6层)', '114.3㎡', '平层', '104.06㎡', '板楼', '南 北', '砖混结构', '精装', '八梯两户', '自供暖', '有']"
"['管城回族区', '管南区域']",奥兰和园,235,17952,"['3室2厅2卫', '低楼层 (共27层)', '130.91㎡', '暂无数据', '板楼', '南 北', '钢混结构', '其他', '两梯四户', '集中供暖', '有']"
"['二七区', '万客来']",正商城和园5号院,125,14373,"['2室2厅1卫', '低楼层 (共34层)', '86.97㎡', '平层', '塔楼', '南 北', '钢混结构', '其他', '两梯四户', '集中供暖', '有']"
"['中原区', '常西湖']",华瑞紫韵城景园,101,12476,"['2室2厅1卫', '中楼层 (共34层)', '80.96㎡', '暂无数据', '板楼', '南', '钢混结构', '简装', '两梯六户', '集中供暖', '有']"
"['中原区', '五龙口']",领创天誉华庭,155,17483,"['3室2厅1卫', '高楼层 (共33层)', '88.66㎡', '平层', '63.92㎡', '板楼', '南 北', '钢混结构', '简装', '两梯四户', '集中供暖', '有']"
"['荥阳市', '荥阳城区']",泰成悦府,59.5,7334,"['2室2厅1卫', '低楼层 (共18层)', '81.14㎡', '平层', '板塔结合', '南', '钢混结构', '毛坯', '两梯三户', '集中供暖', '有']"
"['金水区', '东建材']",凤凰城公寓,52.5,12159,"['1室0厅1卫', '高楼层 (共4层)', '43.18㎡', '平层', '37.48㎡', '板楼', '南', '混合结构', '简装', '一梯四户', '自供暖']"
"['郑东新区', '祭城']",金鹏时代,255,24433,"['3室2厅2卫', '高楼层 (共33层)', '104.37㎡', '暂无数据', '82.75㎡', '板楼', '南', '钢混结构', '精装', '两梯三户', '集中供暖', '有']"
"['中原区', '五一公园']",盛润锦绣城,130,16864,"['2室1厅1卫', '高楼层 (共31层)', '77.09㎡', '暂无数据', '56.74㎡', '板塔结合', '南 北', '钢混结构', '其他', '两梯六户', '集中供暖', '有']"
"['郑东新区', '白沙']",雅居乐国际花园西苑,162,17028,"['3室2厅1卫', '高楼层 (共26层)', '95.14㎡', '暂无数据', '72.78㎡', '板楼', '南', '钢混结构', '精装', '两梯四户', '集中供暖', '有']"
"['管城回族区', '管南区域']",橡树玫瑰城,113,13041,"['3室2厅1卫', '高楼层 (共6层)', '86.65㎡', '暂无数据', '73.29㎡', '板楼', '东 南 北', '混合结构', '精装', '一梯两户', '自供暖']"
"['中牟县', '中牟城区']",东工都市家苑,35,5382,"['2室1厅1卫', '低楼层 (共6层)', '65.04㎡', '暂无数据', '板楼', '南 北', '混合结构', '简装', '一梯两户', '集中供暖']"
"['管城回族区', '管南区域']",绿都澜湾樟园,165,17267,"['3室2厅1卫', '高楼层 (共34层)', '95.56㎡', '平层', '板楼', '南', '钢混结构', '其他', '两梯四户', '集中供暖', '有']"
"['二七区', '二七广场']",华润悦府,200,23119,"['2室1厅1卫', '低楼层 (共54层)', '86.51㎡', '暂无数据', '板楼', '南', '钢混结构', '其他', '三梯六户', '集中供暖', '有']"
"['金水区', '沙口路']",汉飞金沙国际,70,14301,"['1室1厅1卫', '低楼层 (共35层)', '48.95㎡', '暂无数据', '37.44㎡', '板塔结合', '南', '钢混结构', '其他', '两梯七户', '自供暖', '有']"
"['金水区', '海洋馆']",中鼎花园,125,12832,"['3室2厅1卫', '中楼层 (共11层)', '97.42㎡', '暂无数据', '板楼', '南', '钢混结构', '精装', '一梯五户', '集中供暖', '有']"
"['金水区', '新北站']",花半里东区,38,9416,"['1室0厅1卫', '低楼层 (共31层)', '40.36㎡', '平层', '32.04㎡', '塔楼', '东', '钢混结构', '其他', '三梯十二户', '自供暖', '有']"
"['中原区', '五龙口']",清城美苑,123,10990,"['3室2厅1卫', '高楼层 (共6层)', '111.92㎡', '暂无数据', '99.7㎡', '板楼', '南 北', '混合结构', '精装', '一梯两户', '集中供暖']"
"['荥阳市', '荥阳城区']",新田城书香苑,130,9706,"['3室1厅2卫', '低楼层 (共12层)', '133.94㎡', '平层', '板塔结合', '东南', '钢混结构', '其他', '两梯四户', '集中供暖', '有']"
"['金水区', '花园路']",瑞园,270,23772,"['2室2厅1卫', '中楼层 (共16层)', '113.58㎡', '平层', '83.17㎡', '塔楼', '南', '钢混结构', '其他', '六梯三十五户', '集中供暖', '有']"
"['惠济区', '北大学城']",千鹿山,208,17691,"['3室2厅1卫', '低楼层 (共17层)', '117.58㎡', '暂无数据', '93.41㎡', '板塔结合', '南', '钢混结构', '毛坯', '两梯四户', '集中供暖', '有']"
"['荥阳市', '荥阳城区']",金地格林小城,70,7900,"['3室2厅1卫', '中楼层 (共34层)', '88.61㎡', '平层', '67.62㎡', '板楼', '南', '钢混结构', '精装', '一梯六户', '集中供暖']"
"['航空港区', '航空港商圈']",正弘中央公园麓林苑,100,8487,"['3室1厅2卫', '低楼层 (共26层)', '117.84㎡', '平层', '板楼', '南 北', '钢混结构', '其他', '两梯四户', '集中供暖', '有']"
"['郑东新区', '祭城']",正商书香华府,330,23898,"['3室2厅2卫', '高楼层 (共27层)', '138.09㎡', '平层', '板楼', '南 北', '钢混结构', '精装', '两梯三户', '集中供暖', '有']"
"['金水区', '绿茵广场']",正弘春晓,118,15090,"['2室1厅1卫', '高楼层 (共33层)', '78.2㎡', '暂无数据', '塔楼', '南', '钢混结构', '其他', '三梯八户', '集中供暖', '有']"
"['中原区', '五龙口']",九龙城龙腾西城,135,14847,"['3室2厅1卫', '高楼层 (共34层)', '90.93㎡', '暂无数据', '71.45㎡', '板塔结合', '南', '钢混结构', '精装', '两梯四户', '集中供暖', '有']"
"['二七区', '市财政局']",升龙城5号院,130,14513,"['3室2厅1卫', '高楼层 (共34层)', '89.58㎡', '暂无数据', '板楼', '西', '钢混结构', '其他', '三梯九户', '集中供暖', '有']"
"['荥阳市', '荥阳城区']",河阴北路031号,39,2789,"['3室1厅1卫', '高楼层 (共6层)', '139.88㎡', '平层', '暂无数据', '南', '未知结构', '简装', '一梯两户']"
"['金水区', '文博广场']",正弘·蓝堡湾Ⅱ,240,27856,"['2室2厅1卫', '高楼层 (共33层)', '86.16㎡', '暂无数据', '板塔结合', '南', '钢混结构', '精装', '两梯四户', '集中供暖', '有']"
"['金水区', '花园路']",纬三路16号院,60,9874,"['2室1厅1卫', '高楼层 (共5层)', '60.77㎡', '平层', '54.35㎡', '板楼', '南 北', '砖混结构', '其他', '一梯三户', '自供暖']"
"['金水区', '财富广场']",丰产路99号院,215,17034,"['3室2厅1卫', '高楼层 (共7层)', '126.22㎡', '平层', '119.6㎡', '板楼', '南 北', '砖混结构', '简装', '一梯两户', '集中供暖']"
"['高新区', '高新新郑大']",裕华满园,110,12478,"['3室2厅1卫', '低楼层 (共33层)', '88.16㎡', '平层', '板塔结合', '南', '钢混结构', '毛坯', '两梯五户', '集中供暖', '有']"
"['中原区', '常西湖']",须贾路16号,95,8271,"['3室2厅1卫', '高楼层 (共6层)', '114.87㎡', '暂无数据', '103.97㎡', '暂无数据', '南 北', '未知结构', '其他', '一梯两户']"
"['新郑市', '南龙湖商圈']",正商红河谷,400,16477,"['5室3厅3卫', '低楼层 (共4层)', '242.77㎡', '暂无数据', '板楼', '南', '钢混结构', '其他', '一梯六户', '自供暖']"
"['金水区', '青少年公园']",红旗路25号,60,8208,"['2室1厅1卫', '高楼层 (共5层)', '73.1㎡', '暂无数据', '66.6㎡', '暂无数据', '北 南', '未知结构', '简装', '一梯两户']"
"['中原区', '五龙口']",银榕花园,105,10164,"['3室1厅1卫', '中楼层 (共7层)', '103.31㎡', '平层', '92.79㎡', '板楼', '南 北', '钢混结构', '其他', '一梯两户', '集中供暖']"
"['二七区', '市财政局']",升龙城5号院,60,12584,"['1室1厅1卫', '低楼层 (共34层)', '47.68㎡', '平层', '板楼', '东', '钢混结构', '精装', '五梯十六户', '集中供暖', '有']"
"['金水区', '海洋馆']",假日蓝湾,170,14073,"['3室2厅2卫', '中楼层 (共6层)', '120.8㎡', '平层', '板塔结合', '南 北', '钢混结构', '其他', '三梯两户', '集中供暖', '有']"
"['管城回族区', '管南区域']",美景鸿城一期,100,16464,"['2室1厅1卫', '中楼层 (共33层)', '60.74㎡', '暂无数据', '43.7㎡', '板楼', '南', '钢混结构', '简装', '两梯七户', '自供暖', '有']"
"['中原区', '热电厂']",金质新禧园,105,13827,"['2室2厅1卫', '中楼层 (共7层)', '75.94㎡', '暂无数据', '62.22㎡', '板塔结合', '南 西', '钢混结构', '其他', '一梯七户', '集中供暖', '有']"
"['二七区', '古玩城']",鑫苑现代城,172,21950,"['2室1厅1卫', '高楼层 (共34层)', '78.36㎡', '暂无数据', '57.89㎡', '塔楼', '南', '钢混结构', '其他', '两梯四户', '集中供暖', '有']"
"['二七区', '老郑大']",康复前街55号院,55.8,8485,"['2室1厅1卫', '中楼层 (共6层)', '65.77㎡', '平层', '56.94㎡', '平房', '南 北', '框架结构', '其他', '一梯两户', '集中供暖']"
"['中原区', '中原万达']",中原名邸,55,11939,"['1室1厅1卫', '中楼层 (共29层)', '46.07㎡', '平层', '37.02㎡', '板塔结合', '北', '混合结构', '精装', '三梯十二户', '集中供暖', '有']"
"['金水区', '青少年公园']",建苑小区,118,12838,"['3室1厅1卫', '中楼层 (共6层)', '91.92㎡', '平层', '板塔结合', '南 北', '砖混结构', '精装', '一梯两户', '集中供暖']"
"['郑东新区', '白沙']",融创美盛象湖壹号,113,13968,"['2室1厅1卫', '中楼层 (共33层)', '80.9㎡', '暂无数据', '板楼', '南', '钢混结构', '毛坯', '两梯四户', '集中供暖', '有']"
"['中牟县', '中牟城区']",桃源小区,42,5997,"['2室1厅1卫', '高楼层 (共6层)', '70.04㎡', '平层', '板楼', '南 北', '混合结构', '简装', '一梯两户', '集中供暖']"
"['中原区', '五龙口']",金水世纪城,108,13813,"['2室1厅1卫', '低楼层 (共33层)', '78.19㎡', '平层', '板塔结合', '南', '钢混结构', '简装', '两梯四户', '集中供暖', '有']"
"['中原区', '热电厂']",建设西路86号院,88,12199,"['2室1厅1卫', '高楼层 (共5层)', '72.14㎡', '暂无数据', '65.25㎡', '板楼', '南 北', '混合结构', '简装', '一梯三户', '自供暖', '有']"
"['郑东新区', '白沙']",郑地美景东望,105,11697,"['3室2厅1卫', '低楼层 (共26层)', '89.77㎡', '暂无数据', '66.31㎡', '板塔结合', '南', '未知结构', '其他', '两梯四户', '集中供暖', '有']"
"['二七区', '万客来']",泰宏建业国际城,130,14555,"['3室1厅1卫', '高楼层 (共29层)', '89.32㎡', '平层', '板塔结合', '南', '钢混结构', '精装', '两梯四户', '集中供暖', '有']"
"['惠济区', '北大学城']",天地湾禧苑,980,33795,"['12室2厅7卫', '低楼层 (共2层)', '289.99㎡', '南 北', '钢混结构', '毛坯', '联排', '集中供暖']"
"['荥阳市', '荥阳城区']",阳光苑,55,5329,"['2室2厅1卫', '高楼层 (共6层)', '103.22㎡', '暂无数据', '96.92㎡', '板楼', '南 北', '砖混结构', '精装', '一梯两户', '集中供暖']"
"['中原区', '热电厂']",锦艺国际华都欧尚,113,15122,"['2室1厅1卫', '低楼层 (共33层)', '74.73㎡', '平层', '板塔结合', '南', '钢混结构', '简装', '两梯四户', '集中供暖', '有']"
"['金水区', '汽配大世界']",呈祥花园,104,10762,"['2室2厅1卫', '低楼层 (共6层)', '96.64㎡', '平层', '86.1㎡', '板楼', '南 北', '砖混结构', '其他', '一梯两户', '自供暖']"
"['管城回族区', '管南区域']",永恒尚东,135,12459,"['3室2厅1卫', '低楼层 (共20层)', '108.36㎡', '暂无数据', '板塔结合', '南 北', '钢混结构', '简装', '两梯四户', '自供暖', '有']"
"['二七区', '老郑大']",桃园南街1号,70,10281,"['2室1厅1卫', '高楼层 (共7层)', '68.09㎡', '暂无数据', '板楼', '南', '混合结构', '精装', '一梯两户', '集中供暖']"
"['金水区', '青少年公园']",通利宝丽花园,185,10728,"['4室2厅2卫', '高楼层 (共6层)', '172.46㎡', '复式', '板楼', '南 北', '混合结构', '精装', '一梯两户', '自供暖']"
"['金水区', '普罗旺世']",中建大厦,168,11126,"['3室2厅2卫', '中楼层 (共27层)', '151㎡', '暂无数据', '塔楼', '南 北', '钢混结构', '其他', '两梯六户', '自供暖', '有']"
"['惠济区', '惠济万达']",北郡二期,119,17421,"['2室2厅1卫', '中楼层 (共18层)', '68.31㎡', '暂无数据', '板楼', '南', '钢混结构', '精装', '两梯四户', '集中供暖', '有']"
"['中牟县', '中牟城区']",帝华宏府,66,7440,"['2室2厅1卫', '中楼层 (共32层)', '88.72㎡', '暂无数据', '板塔结合', '北 南', '钢混结构', '毛坯', '四梯四户', '集中供暖', '有']"
"['二七区', '万客来']",亚星玉晖园,110,12392,"['2室1厅1卫', '高楼层 (共31层)', '88.77㎡', '暂无数据', '板塔结合', '南', '钢混结构', '其他', '两梯四户', '集中供暖', '有']"
"['金水区', '汽配大世界']",嘉秀园,98,10895,"['2室2厅1卫', '高楼层 (共6层)', '89.95㎡', '暂无数据', '板楼', '南 北', '砖混结构', '简装', '一梯两户', '自供暖']"
"['高新区', '五龙口']",红河瀛园一期东院,105,10143,"['2室1厅1卫', '低楼层 (共17层)', '103.52㎡', '平层', '塔楼', '南 北', '钢混结构', '精装', '两梯四户', '自供暖', '有']"
"['金水区', '新北站']",和昌悦澜,215,16824,"['3室2厅2卫', '中楼层 (共27层)', '127.8㎡', '暂无数据', '板塔结合', '南', '钢混结构', '精装', '两梯四户', '集中供暖', '有']"
"['金水区', '汽配大世界']",维也纳森林,135,15236,"['2室2厅1卫', '中楼层 (共33层)', '88.61㎡', '平层', '板楼', '南', '钢混结构', '简装', '两梯四户', '集中供暖', '有']"
"['金水区', '青少年公园']",建苑小区,85,10363,"['3室1厅1卫', '高楼层 (共7层)', '82.03㎡', '平层', '板楼', '南', '混合结构', '其他', '一梯两户', '集中供暖']"
"['二七区', '市财政局']",陇中南巷3号,70,9320,"['2室1厅1卫', '高楼层 (共7层)', '75.11㎡', '暂无数据', '板楼', '南', '混合结构', '简装', '一梯两户', '自供暖']"
"['上街区', '上街区']",零陆小区,17,2224,"['2室1厅1卫', '高楼层 (共6层)', '76.47㎡', '暂无数据', '64.35㎡', '暂无数据', '南', '未知结构', '其他', '一梯四户', '集中供暖']"
"['荥阳市', '荥阳城区']",清华大溪地七号院,100,7814,"['3室1厅2卫', '中楼层 (共18层)', '127.98㎡', '平层', '板楼', '南', '钢混结构', '精装', '一梯两户', '集中供暖']"
"['荥阳市', '荥阳城区']",郑西鑫苑名家,93,7295,"['3室2厅2卫', '高楼层 (共18层)', '127.49㎡', '暂无数据', '板塔结合', '东', '钢混结构', '其他', '两梯三户', '集中供暖', '有']"
"['新郑市', '南龙湖商圈']",浩创梧桐郡,80,8581,"['3室2厅2卫', '中楼层 (共26层)', '93.23㎡', '暂无数据', '板塔结合', '南', '钢混结构', '其他', '两梯四户', '自供暖', '有']"
"['郑东新区', '白沙']",郑东新世界,90,10680,"['2室1厅1卫', '低楼层 (共27层)', '84.27㎡', '暂无数据', '62.97㎡', '板楼', '东南', '钢混结构', '精装', '两梯四户', '自供暖', '有']"
"['新郑市', '南龙湖商圈']",华启棠宁湾,95,7387,"['3室2厅2卫', '低楼层 (共32层)', '128.61㎡', '平层', '98.53㎡', '塔楼', '东南', '钢混结构', '其他', '两梯四户', '自供暖', '有']"
"['金水区', '汽配大世界']",一处庭院,136,11366,"['3室2厅2卫', '中楼层 (共18层)', '119.66㎡', '平层', '89.12㎡', '板楼', '南', '钢混结构', '其他', '两梯八户', '自供暖', '有']"
"['新郑市', '南龙湖商圈']",国瑞城爵仕苑,110,8509,"['3室2厅2卫', '中楼层 (共33层)', '129.28㎡', '暂无数据', '25.46㎡', '塔楼', '南 北', '钢混结构', '毛坯', '两梯三户', '自供暖', '有']"
"['郑东新区', '通泰路']",润城时光里,145,16593,"['2室1厅1卫', '高楼层 (共27层)', '87.39㎡', '平层', '65.14㎡', '塔楼', '南', '钢混结构', '精装', '两梯四户', '集中供暖', '有']"
"['中原区', '五龙口']",华瑞紫光苑,90,9397,"['2室2厅1卫', '中楼层 (共6层)', '95.78㎡', '暂无数据', '板楼', '南 北', '钢混结构', '简装', '一梯两户', '集中供暖']"
"['高新区', '高新万科']",万科城紫兰苑,122,13598,"['3室1厅1卫', '高楼层 (共34层)', '89.72㎡', '平层', '69.37㎡', '板楼', '南', '钢混结构', '精装', '两梯六户', '集中供暖', '有']"
"['管城回族区', '二七广场']",管城街,70,10209,"['2室1厅1卫', '中楼层 (共7层)', '68.57㎡', '平层', '板楼', '南 北', '混合结构', '其他', '一梯两户', '自供暖']"
"['中原区', '常西湖']",汇泉西悦城,105,11979,"['3室2厅1卫', '低楼层 (共34层)', '87.66㎡', '暂无数据', '塔楼', '南', '钢混结构', '精装', '两梯四户', '集中供暖', '有']"
"['金水区', '省人民医院']",河南省胸科医院家属院,115,14076,"['2室2厅1卫', '高楼层 (共7层)', '81.7㎡', '平层', '75.79㎡', '板楼', '南 北', '砖混结构', '简装', '一梯三户', '集中供暖']"
"['二七区', '市财政局']",升龙国际A区,51,9799,"['1室0厅1卫', '中楼层 (共32层)', '52.05㎡', '平层', '41.43㎡', '板塔结合', '东', '钢混结构', '简装', '六梯三十一户', '自供暖', '有']"
"['金水区', '燕庄']",消防总队家属院,209,16303,"['3室2厅1卫', '高楼层 (共7层)', '128.2㎡', '平层', '板塔结合', '南', '混合结构', '其他', '一梯两户', '集中供暖']"
"['新郑市', '南龙湖商圈']",康桥原溪里1号院,72,8869,"['2室1厅1卫', '中楼层 (共18层)', '81.19㎡', '平层', '62.58㎡', '板楼', '南', '钢混结构', '其他', '两梯四户', '自供暖', '有']"
"['管城回族区', '世纪欢乐园']",紫云小区,80,12438,"['2室1厅1卫', '高楼层 (共6层)', '64.32㎡', '平层', '56.89㎡', '板楼', '南', '混合结构', '其他', '一梯两户', '自供暖']"
"['中原区', '郑州一中']",中原新城王府东院,185,15713,"['3室2厅2卫', '中楼层 (共33层)', '117.74㎡', '平层', '94.26㎡', '塔楼', '南 北', '钢混结构', '简装', '两梯六户', '集中供暖', '有']"
"['金水区', '汽配大世界']",美景花郡,101,12826,"['2室2厅1卫', '高楼层 (共26层)', '78.75㎡', '平层', '塔楼', '南', '钢混结构', '简装', '两梯五户', '自供暖', '有']"
"['金水区', '轻工业学院']",天明路65号院,122,9620,"['3室2厅1卫', '中楼层 (共7层)', '126.82㎡', '平层', '板楼', '南 北', '混合结构', '精装', '一梯两户', '自供暖']"
"['经开区', '第三大街']",远大理想城,170,13932,"['3室2厅2卫', '低楼层 (共32层)', '122.03㎡', '暂无数据', '97.55㎡', '塔楼', '东南', '钢混结构', '其他', '两梯五户', '集中供暖', '有']"
"['郑东新区', '郑东老街']",绿地老街三期,365,30351,"['3室2厅1卫', '高楼层 (共8层)', '120.26㎡', '平层', '板楼', '南 北', '钢混结构', '精装', '一梯两户', '集中供暖', '有']"
"['二七区', '万客来']",正商城和园3号院,116,13209,"['2室1厅1卫', '低楼层 (共33层)', '87.82㎡', '平层', '板楼', '西', '钢混结构', '简装', '两梯四户', '集中供暖', '有']"
"['荥阳市', '荥阳城区']",政法小区,35,2967,"['3室1厅2卫', '高楼层 (共6层)', '118㎡', '平层', '109.79㎡', '暂无数据', '南 北', '砖混结构', '简装', '一梯两户']"
"['金水区', '枣庄']",河畔人家,155,13768,"['2室2厅2卫', '中楼层 (共7层)', '112.58㎡', '平层', '99.86㎡', '板楼', '南 北', '混合结构', '精装', '一梯两户', '自供暖']"
"['二七区', '万客来']",海豫花园,90,11484,"['2室1厅1卫', '低楼层 (共34层)', '78.37㎡', '平层', '54.22㎡', '塔楼', '东北', '钢混结构', '其他', '五梯十四户', '集中供暖', '有']"
"['金水区', '新北站']",和昌悦澜南苑,136,17216,"['2室2厅1卫', '中楼层 (共27层)', '79㎡', '暂无数据', '板塔结合', '南', '钢混结构', '其他', '两梯四户', '集中供暖', '有']"
"['金水区', '沙口路']",汉飞金沙国际,130,14194,"['2室2厅1卫', '中楼层 (共28层)', '91.59㎡', '平层', '73.08㎡', '板塔结合', '南', '钢混结构', '精装', '两梯四户', '自供暖', '有']"
"['金水区', '汽配大世界']",国宾中心,145,15847,"['3室1厅1卫', '低楼层 (共15层)', '91.5㎡', '暂无数据', '71.96㎡', '板塔结合', '南', '钢混结构', '简装', '两梯四户', '集中供暖', '有']"
"['中牟县', '中牟城区']",北环路南街边散盘,40,3861,"['2室1厅1卫', '中楼层 (共6层)', '103.61㎡', '暂无数据', '90.39㎡', '板楼', '南 北', '框架结构', '毛坯', '一梯两户', '自供暖']"
"['高新区', '五龙口']",托斯卡纳,62,16403,"['2室1厅1卫', '中楼层 (共20层)', '37.8㎡', '暂无数据', '28㎡', '板塔结合', '南', '钢混结构', '精装', '三梯十六户', '自供暖', '有']"
"['金水区', '汽配大世界']",御府三号,87,14270,"['1室1厅1卫', '中楼层 (共17层)', '60.97㎡', '平层', '板塔结合', '南', '钢混结构', '精装', '两梯六户', '自供暖', '有']"
"['新郑市', '南龙湖商圈']",金秋乐园,75,8785,"['2室1厅1卫', '低楼层 (共7层)', '85.38㎡', '平层', '85.38㎡', '塔楼', '南', '钢混结构', '其他', '两梯三户', '自供暖', '有']"
"['金水区', '轻工业学院']",家天下,152,16776,"['2室2厅1卫', '中楼层 (共24层)', '90.61㎡', '暂无数据', '板楼', '南 北', '钢混结构', '精装', '两梯八户', '集中供暖', '有']"
"['管城回族区', '管南区域']",正商新蓝钻A区,150,17924,"['2室2厅1卫', '高楼层 (共21层)', '83.69㎡', '暂无数据', '板楼', '南', '钢混结构', '其他', '两梯三户', '集中供暖', '有']"
"['二七区', '河医立交桥']",鑫苑景园,150,17163,"['2室2厅1卫', '低楼层 (共18层)', '87.4㎡', '暂无数据', '69.2㎡', '板塔结合', '南', '钢混结构', '精装', '两梯四户', '集中供暖', '有']"
"['金水区', '陈寨']",四季花城,270,11107,"['7室2厅3卫', '高楼层 (共6层)', '243.11㎡', '暂无数据', '132.99㎡', '板塔结合', '南 北', '钢混结构', '毛坯', '一梯两户', '集中供暖']"
"['二七区', '古玩城']",鑫苑现代城,205,22451,"['3室1厅1卫', '低楼层 (共34层)', '91.31㎡', '平层', '67.46㎡', '塔楼', '南 北', '钢混结构', '其他', '两梯四户', '集中供暖', '有']"
"['惠济区', '北大学城']",怡丰森林湖三期,245,17754,"['3室2厅2卫', '低楼层 (共6层)', '138㎡', '暂无数据', '板塔结合', '南 北', '钢混结构', '精装', '一梯两户', '自供暖']"
"['管城回族区', '商代遗址']",中建文苑,90,15918,"['1室1厅1卫', '中楼层 (共11层)', '56.54㎡', '平层', '板楼', '南 北', '钢混结构', '其他', '一梯五户', '自供暖', '有']"
"['金水区', '枣庄']",明鸿新城,126,9952,"['3室2厅2卫', '高楼层 (共7层)', '126.61㎡', '暂无数据', '板楼', '南', '混合结构', '精装', '一梯八户', '自供暖']"
"['二七区', '万客来']",正商城和园1号院,210,16030,"['3室2厅2卫', '中楼层 (共33层)', '131.01㎡', '平层', '99.2㎡', '塔楼', '南 北', '钢混结构', '精装', '两梯三户', '集中供暖', '有']"
"['荥阳市', '荥阳城区']",温馨家园,63,6396,"['3室2厅1卫', '中楼层 (共6层)', '98.5㎡', '平层', '88.25㎡', '暂无数据', '南 北', '混合结构', '其他', '一梯两户']"
"['惠济区', '南阳路']",郑州清华园,50,9999,"['1室0厅1卫', '中楼层 (共20层)', '50.01㎡', '平层', '34.54㎡', '塔楼', '西', '钢混结构', '简装', '三梯十四户', '自供暖', '有']"
"['新郑市', '南龙湖商圈']",康桥原溪里,80,8941,"['3室2厅1卫', '高楼层 (共27层)', '89.48㎡', '平层', '66.52㎡', '板楼', '南', '钢混结构', '简装', '两梯四户', '自供暖', '有']"
"['管城回族区', '世纪欢乐园']",万科美景龙堂,256,18420,"['4室2厅2卫', '低楼层 (共33层)', '138.98㎡', '暂无数据', '板塔结合', '南 北', '钢混结构', '精装', '两梯四户', '集中供暖', '有']"
"['金水区', '徐寨']",圣菲城,64,15772,"['1室0厅1卫', '高楼层 (共27层)', '40.58㎡', '暂无数据', '32.32㎡', '塔楼', '东', '钢混结构', '精装', '三梯十五户', '自供暖', '有']"
"['新郑市', '南龙湖商圈']",荣立鸿鹄嘉苑,77,6845,"['3室2厅2卫', '中楼层 (共32层)', '112.5㎡', '平层', '87.69㎡', '板楼', '南 北', '钢混结构', '毛坯', '两梯四户', '自供暖', '有']"
"['金水区', '未来大厦']",宏光协和城邦,175,20122,"['2室2厅1卫', '高楼层 (共33层)', '86.97㎡', '暂无数据', '66.32㎡', '板楼', '南', '钢混结构', '精装', '两梯四户', '集中供暖', '有']"
"['管城回族区', '商代遗址']",郑州财税金融职业学院家属院,90,11241,"['3室1厅1卫', '中楼层 (共6层)', '80.07㎡', '平层', '板楼', '南', '混合结构', '其他', '一梯两户', '集中供暖']"
"['航空港区', '航空港商圈']",正弘中央公园麓林苑,103,8117,"['3室1厅2卫', '高楼层 (共26层)', '126.9㎡', '平层', '板塔结合', '南 北', '钢混结构', '毛坯', '两梯四户', '集中供暖', '有']"
"['管城回族区', '管南区域']",康居东瑞佳苑,111,12229,"['2室1厅1卫', '中楼层 (共4层)', '90.77㎡', '平层', '79.67㎡', '板楼', '南 北', '砖混结构', '简装', '一梯两户', '自供暖']"
"['惠济区', '北大学城']",迎宾路3号,140,16274,"['2室1厅1卫', '中楼层 (共22层)', '86.03㎡', '平层', '板楼', '南 北', '钢混结构', '精装', '两梯四户', '集中供暖', '有']"
"['金水区', '北站']",安泰嘉园,260,15042,"['4室2厅2卫', '中楼层 (共17层)', '172.86㎡', '平层', '板楼', '南 北', '钢混结构', '其他', '两梯两户', '集中供暖', '有']"
"['新郑市', '南龙湖商圈']",康桥原溪里,125,10273,"['3室1厅2卫', '中楼层 (共16层)', '121.69㎡', '平层', '95.23㎡', '板楼', '南', '框架结构', '精装', '两梯四户', '自供暖', '有']"
"['金水区', '汽配大世界']",御府三号三期,128,11303,"['3室2厅1卫', '低楼层 (共18层)', '113.25㎡', '暂无数据', '94.11㎡', '板塔结合', '南 北', '钢混结构', '精装', '两梯两户', '自供暖', '有']"
"['中原区', '中原万达']",万达广场东西区,126,15820,"['2室1厅1卫', '高楼层 (共33层)', '79.65㎡', '平层', '61.75㎡', '板楼', '南', '钢混结构', '简装', '两梯四户', '集中供暖', '有']"
"['管城回族区', '世纪欢乐园']",富田太阳城,150,10910,"['4室2厅2卫', '中楼层 (共29层)', '137.49㎡', '平层', '111.81㎡', '塔楼', '北', '钢混结构', '其他', '两梯七户', '自供暖', '有']"
"['中原区', '五龙口']",正商明钻,160,13101,"['3室2厅1卫', '高楼层 (共27层)', '122.13㎡', '平层', '94.27㎡', '板塔结合', '南 北', '钢混结构', '精装', '两梯五户', '集中供暖', '有']"
"['金水区', '未来大厦']",锦江国际花园,111,12683,"['2室1厅1卫', '高楼层 (共26层)', '87.52㎡', '平层', '63.36㎡', '塔楼', '北', '钢混结构', '精装', '两梯十三户', '集中供暖', '有']"
"['郑东新区', '郑州东站']",华启金悦府,225,25324,"['2室2厅1卫', '高楼层 (共34层)', '88.85㎡', '暂无数据', '板楼', '南', '钢混结构', '其他', '两梯四户', '集中供暖', '有']"
"['金水区', '花园路']",国贸酒店公寓,29,11959,"['1室0厅1卫', '中楼层 (共30层)', '24.25㎡', '暂无数据', '16.38㎡', '塔楼', '南', '钢混结构', '其他', '三梯三十户', '自供暖', '有']"
"['郑东新区', '郑州东站']",中豪·汇景湾,280,25845,"['3室1厅1卫', '低楼层 (共22层)', '108.34㎡', '平层', '82.3㎡', '板塔结合', '南', '钢混结构', '简装', '两梯五户', '集中供暖', '有']"
"['金水区', '南阳路']",亚新美好时光,56,13469,"['1室1厅1卫', '中楼层 (共18层)', '41.58㎡', '平层', '32.27㎡', '板楼', '北', '钢混结构', '简装', '两梯六户', '集中供暖', '有']"
"['荥阳市', '荥阳城区']",荥正佳苑,85,6059,"['3室2厅2卫', '中楼层 (共22层)', '140.3㎡', '平层', '115.48㎡', '板塔结合', '南 北', '钢混结构', '精装', '两梯四户', '集中供暖', '有']"
"['郑东新区', '郑州东站']",东瑞园,290,20212,"['3室2厅2卫', '低楼层 (共19层)', '143.48㎡', '平层', '116.24㎡', '板塔结合', '南', '钢混结构', '精装', '两梯三户', '集中供暖', '有']"
"['航空港区', '航空港商圈']",正弘中央公园麓林苑,112,8729,"['3室2厅2卫', '中楼层 (共26层)', '128.32㎡', '平层', '板塔结合', '南 北', '钢混结构', '其他', '两梯八户', '集中供暖', '有']"
"['金水区', '省中医院']",文雅小区,120,12007,"['3室2厅1卫', '中楼层 (共7层)', '99.95㎡', '平层', '88.92㎡', '板楼', '南 北', '砖混结构', '简装', '一梯两户', '集中供暖']"
"['金水区', '海洋馆']",九锦台A区,88,16775,"['1室1厅1卫', '中楼层 (共18层)', '52.46㎡', '平层', '40.86㎡', '板楼', '东', '钢混结构', '简装', '两梯四户', '集中供暖', '有']"
"['上街区', '上街区']",亚星江南小镇,100,8644,"['3室2厅2卫', '中楼层 (共34层)', '115.7㎡', '平层', '板塔结合', '西南', '钢混结构', '毛坯', '两梯五户', '集中供暖', '有']"
"['金水区', '新北站']",和昌悦澜,140,16805,"['2室1厅1卫', '高楼层 (共27层)', '83.31㎡', '平层', '板塔结合', '东南', '钢混结构', '精装', '两梯四户', '集中供暖', '有']"
"['金水区', '汽配大世界']",维也纳森林,167,17770,"['3室1厅1卫', '中楼层 (共32层)', '93.98㎡', '平层', '70.94㎡', '板楼', '东南', '钢混结构', '其他', '两梯六户', '集中供暖', '有']"
"['中原区', '交警二大队']",华山路106号院,35,7077,"['2室1厅1卫', '高楼层 (共5层)', '49.46㎡', '平层', '49㎡', '板楼', '南', '混合结构', '简装', '一梯三户', '自供暖']"
"['金水区', '沙口路']",瑞隆城,140,15608,"['3室2厅1卫', '中楼层 (共30层)', '89.7㎡', '平层', '板楼', '南', '钢混结构', '其他', '两梯四户', '集中供暖', '有']"
"['郑东新区', '郑州东站']",鑫苑世纪东城东苑,266,20470,"['3室2厅2卫', '高楼层 (共18层)', '129.95㎡', '平层', '105.32㎡', '板楼', '南 北', '钢混结构', '精装', '两梯三户', '集中供暖', '有']"
"['荥阳市', '荥阳城区']",悦蓝山,80,8471,"['3室2厅1卫', '高楼层 (共30层)', '94.44㎡', '平层', '板塔结合', '南', '钢混结构', '精装', '两梯四户', '集中供暖', '有']"
"['管城回族区', '陇海汽车站']",金河小区,145,16506,"['2室2厅1卫', '低楼层 (共7层)', '87.85㎡', '平层', '81.22㎡', '板楼', '南', '混合结构', '精装', '两梯两户', '自供暖', '有']"
"['金水区', '商代遗址']",佳亿花园,125,11934,"['3室2厅1卫', '高楼层 (共6层)', '104.75㎡', '平层', '94.38㎡', '板楼', '南 北', '混合结构', '精装', '一梯两户', '自供暖']"
"['二七区', '万客来']",春江家园,70,10175,"['2室1厅1卫', '高楼层 (共17层)', '68.8㎡', '平层', '55.66㎡', '板塔结合', '西 北', '钢混结构', '毛坯', '两梯七户', '集中供暖', '有']"
"['中原区', '常西湖']",运河上城,84,10134,"['2室1厅1卫', '低楼层 (共32层)', '82.89㎡', '平层', '61.46㎡', '板塔结合', '南 西 北', '钢混结构', '其他', '两梯四户', '集中供暖', '有']"
"['中原区', '常西湖']",碧桂园西湖,200,17033,"['3室2厅2卫', '中楼层 (共33层)', '117.42㎡', '平层', '91.35㎡', '板塔结合', '南', '钢混结构', '精装', '两梯四户', '集中供暖', '有']"
"['管城回族区', '二七广场']",新天地小区,85,12129,"['2室1厅1卫', '低楼层 (共25层)', '70.08㎡', '平层', '51.15㎡', '板楼', '东 西', '钢混结构', '简装', '四梯九户', '自供暖', '有']"
"['金水区', '大石桥']",纺织机械厂2号院,175,15524,"['3室2厅1卫', '中楼层 (共6层)', '112.73㎡', '平层', '平房', '南', '混合结构', '精装', '一梯两户', '集中供暖']"
"['金水区', '省中医院']",金泰建筑家属院,105,8992,"['3室2厅1卫', '中楼层 (共7层)', '116.78㎡', '平层', '板楼', '南 北', '混合结构', '简装', '一梯两户', '自供暖']"
"['高新区', '高新梧桐']",金海西湖美景,105,11549,"['2室2厅1卫', '高楼层 (共6层)', '90.92㎡', '平层', '80.7㎡', '板楼', '南', '钢混结构', '精装', '一梯两户', '集中供暖']"
"['金水区', '省中医院']",香桔市,55,13648,"['1室1厅1卫', '低楼层 (共6层)', '40.3㎡', '平层', '板楼', '南', '混合结构', '其他', '一梯四户', '自供暖']"
"['管城回族区', '管南区域']",发展南郡,60,13640,"['1室2厅1卫', '高楼层 (共32层)', '43.99㎡', '平层', '塔楼', '南', '钢混结构', '精装', '六梯三十二户', '自供暖', '有']"
"['郑东新区', '郑州东站']",正商东方港湾,232,19867,"['2室2厅1卫', '低楼层 (共18层)', '116.78㎡', '平层', '板楼', '北 南', '钢混结构', '精装', '两梯两户', '集中供暖', '有']"
"['新郑市', '南龙湖商圈']",新嘉苑小区,80,6476,"['3室2厅2卫', '中楼层 (共13层)', '123.55㎡', '平层', '板楼', '南 北', '钢混结构', '其他', '一梯三户', '自供暖', '有']"
"['管城回族区', '陇海汽车站']",裕丰小区,78,10493,"['3室1厅1卫', '中楼层 (共7层)', '74.34㎡', '平层', '64.53㎡', '板楼', '南', '混合结构', '其他', '一梯三户', '自供暖']"
"['二七区', '万客来']",盛世之都,103,12084,"['2室1厅1卫', '中楼层 (共11层)', '85.24㎡', '平层', '73.28㎡', '板楼', '南', '钢混结构', '精装', '两梯四户', '集中供暖', '有']"
"['新郑市', '南龙湖商圈']",康桥九溪郡,110,8775,"['3室2厅2卫', '低楼层 (共33层)', '125.37㎡', '平层', '板楼', '南 北', '钢混结构', '精装', '两梯四户', '自供暖', '有']"
"['高新区', '五龙口']",非常旺角望湖花园,113,12580,"['2室2厅1卫', '高楼层 (共18层)', '89.83㎡', '平层', '73.74㎡', '塔楼', '南', '钢混结构', '简装', '两梯四户', '集中供暖', '有']"
"['高新区', '高新新郑大']",谦祥万和城一期,136,15647,"['3室2厅1卫', '高楼层 (共26层)', '86.92㎡', '平层', '板楼', '西', '钢混结构', '精装', '两梯四户', '集中供暖', '有']"
"['金水区', '花园路']",黄河路117号,81,11116,"['3室1厅1卫', '高楼层 (共6层)', '72.87㎡', '平层', '66.18㎡', '板楼', '南 北', '砖混结构', '简装', '一梯三户', '集中供暖']"
"['管城回族区', '世纪欢乐园']",中铁七局石化路小区,106,11495,"['2室2厅1卫', '中楼层 (共11层)', '92.22㎡', '平层', '75.06㎡', '塔楼', '南', '钢混结构', '精装', '两梯四户', '集中供暖', '有']"
"['管城回族区', '万客来']",正商城裕园6号院,164.5,16131,"['3室1厅1卫', '低楼层 (共34层)', '101.98㎡', '平层', '塔楼', '南', '钢混结构', '精装', '两梯四户', '集中供暖', '有']"
"['金水区', '汽配大世界']",御府三号,43,13805,"['1室1厅1卫', '高楼层 (共17层)', '31.15㎡', '平层', '23.4㎡', '板塔结合', '北', '钢混结构', '精装', '两梯六户', '自供暖', '有']"
"['金水区', '绿茵广场']",姿华文雅新世界(文雅名苑),128,13581,"['2室2厅1卫', '中楼层 (共6层)', '94.25㎡', '平层', '83.21㎡', '暂无数据', '南 北', '未知结构', '简装', '一梯一户']"
"['二七区', '万客来']",橄榄城柏林印象,93,15167,"['2室1厅1卫', '高楼层 (共14层)', '61.32㎡', '平层', '48.13㎡', '塔楼', '西南', '钢混结构', '简装', '两梯六户', '集中供暖', '有']"
"['金水区', '燕庄']",英协花园园中苑,92,11746,"['2室1厅1卫', '低楼层 (共6层)', '78.33㎡', '平层', '67.08㎡', '板楼', '南', '混合结构', '简装', '一梯五户', '自供暖']"
"['二七区', '万客来']",二十七所家属院,53,11093,"['1室1厅1卫', '中楼层 (共7层)', '47.78㎡', '平层', '板楼', '南', '混合结构', '精装', '一梯三户', '自供暖']"
"['二七区', '万客来']",美好佳苑,115,13268,"['2室2厅1卫', '中楼层 (共11层)', '86.68㎡', '平层', '74.32㎡', '板楼', '南 北', '钢混结构', '其他', '一梯五户', '集中供暖', '有']"
"['管城回族区', '东建材']",升龙凤凰城D区,200,15327,"['3室2厅2卫', '中楼层 (共31层)', '130.49㎡', '平层', '103.25㎡', '塔楼', '南', '钢混结构', '简装', '两梯七户', '集中供暖', '有']"
"['荥阳市', '荥阳城区']",瀚宇天悦湾,70,7651,"['2室1厅1卫', '高楼层 (共18层)', '91.5㎡', '平层', '75.24㎡', '板塔结合', '西南', '未知结构', '毛坯', '一梯四户']"
"['金水区', '科技市场']",米兰阳光,37,9912,"['1室0厅1卫', '中楼层 (共18层)', '37.33㎡', '平层', '板塔结合', '北', '钢混结构', '其他', '两梯十二户', '集中供暖', '有']"
"['中牟县', '中牟城区']",水岸鑫城,80,7889,"['3室1厅1卫', '高楼层 (共33层)', '101.41㎡', '平层', '82.49㎡', '板塔结合', '南', '钢混结构', '精装', '两梯六户', '自供暖', '有']"
"['中原区', '月季公园']",金海怡翠苑,90,9405,"['2室2厅1卫', '中楼层 (共6层)', '95.7㎡', '平层', '86.23㎡', '板楼', '南', '混合结构', '简装', '一梯两户', '自供暖']"
"['金水区', '南阳路']",阳光假日,64,8604,"['2室1厅1卫', '高楼层 (共7层)', '74.39㎡', '平层', '65.35㎡', '板塔结合', '南', '砖混结构', '精装', '一梯六户', '自供暖']"
"['中原区', '儿童公园']",华淮小区南院,61.8,7664,"['2室2厅1卫', '高楼层 (共7层)', '80.64㎡', '平层', '板楼', '南 北', '钢混结构', '简装', '一梯两户', '集中供暖']"
"['上街区', '上街区']",第一城雅园,48,4751,"['3室2厅2卫', '低楼层 (共7层)', '101.05㎡', '平层', '塔楼', '南', '钢混结构', '简装', '一梯两户', '集中供暖']"
"['中原区', '五一公园']",方圆经纬花园,160,18734,"['3室2厅1卫', '低楼层 (共29层)', '85.41㎡', '平层', '板塔结合', '南 北', '钢混结构', '精装', '两梯四户', '集中供暖', '有']"
"['金水区', '科技市场']",米兰阳光,34.5,9327,"['1室0厅1卫', '低楼层 (共29层)', '36.99㎡', '平层', '29.09㎡', '板塔结合', '北', '钢混结构', '其他', '三梯二十户', '自供暖', '有']"
"['中牟县', '中牟城区']",汉旺博翠苑,68,7466,"['2室1厅1卫', '高楼层 (共17层)', '91.08㎡', '平层', '塔楼', '南', '钢混结构', '简装', '两梯三户', '集中供暖', '有']"
"['金水区', '普罗旺世']",泰和苑小区,108,12107,"['2室2厅1卫', '中楼层 (共11层)', '89.21㎡', '平层', '78.47㎡', '板塔结合', '西南', '钢混结构', '简装', '一梯四户', '集中供暖', '有']"
"['中原区', '热电厂']",江山名居,113,13835,"['2室2厅1卫', '低楼层 (共6层)', '81.68㎡', '平层', '71.47㎡', '板楼', '南 北', '混合结构', '其他', '两梯两户', '集中供暖', '有']"
"['管城回族区', '管南区域']",紫东河二期,110,10477,"['3室2厅1卫', '中楼层 (共11层)', '105㎡', '平层', '87.98㎡', '板楼', '南 北', '钢混结构', '毛坯', '一梯三户', '有']"
"['新郑市', '南龙湖商圈']",领城公园1857,72,8320,"['2室2厅1卫', '高楼层 (共32层)', '86.54㎡', '平层', '65.09㎡', '塔楼', '南 北', '钢混结构', '其他', '两梯四户', '自供暖', '有']"
"['二七区', '兴华南街']",金誉漓江苑,55,12017,"['1室1厅1卫', '低楼层 (共16层)', '45.77㎡', '平层', '板塔结合', '东', '钢混结构', '简装', '两梯十六户', '自供暖', '有']"
"['金水区', '科技市场']",建业贰号城邦,225,25574,"['3室1厅1卫', '中楼层 (共27层)', '87.98㎡', '平层', '65.93㎡', '板楼', '南 北', '钢混结构', '其他', '两梯四户', '集中供暖', '有']"
"['金水区', '沙口路']",汉飞金沙国际,115,14856,"['2室1厅1卫', '中楼层 (共35层)', '77.41㎡', '平层', '58.68㎡', '板塔结合', '南', '钢混结构', '精装', '两梯七户', '自供暖', '有']"
"['中原区', '儿童公园']",和昌澜景,95,14089,"['2室1厅1卫', '中楼层 (共26层)', '67.43㎡', '平层', '板塔结合', '西 北', '钢混结构', '精装', '两梯六户', '集中供暖', '有']"
"['二七区', '二七广场']",华润悦府,570,27101,"['4室2厅2卫', '低楼层 (共58层)', '210.33㎡', '平层', '板楼', '南 北', '钢混结构', '精装', '三梯两户', '集中供暖', '有']"
"['金水区', '轻工业学院']",东风路32号,72,9519,"['3室1厅1卫', '高楼层 (共7层)', '75.64㎡', '平层', '板楼', '南 北', '混合结构', '其他', '一梯两户', '自供暖']"
"['中原区', '儿童公园']",启福中原,115,12594,"['2室1厅1卫', '高楼层 (共18层)', '91.32㎡', '平层', '72.38㎡', '板塔结合', '南 北', '钢混结构', '简装', '两梯三户', '集中供暖', '有']"
"['管城回族区', '管南区域']",美景鸿城二期,130,14431,"['3室1厅1卫', '高楼层 (共32层)', '90.09㎡', '平层', '66.4㎡', '板楼', '南', '钢混结构', '简装', '两梯四户', '集中供暖', '有']"
"['新郑市', '南龙湖商圈']",坤达祥龙城,122,8762,"['4室2厅2卫', '中楼层 (共33层)', '139.25㎡', '平层', '板楼', '南', '钢混结构', '毛坯', '两梯三户', '自供暖', '有']"
"['二七区', '市财政局']",郑州师院淮南街家属院,82.9,8845,"['3室1厅1卫', '中楼层 (共7层)', '93.73㎡', '平层', '81.6㎡', '板楼', '西', '混合结构', '毛坯', '一梯两户', '集中供暖']"
"['金水区', '燕庄']",伟业财富中心,29,8874,"['1室0厅1卫', '高楼层 (共12层)', '32.68㎡', '平层', '23.61㎡', '板楼', '北', '钢混结构', '其他', '四梯四十八户', '自供暖', '有']"
"['中原区', '五龙口']",威尼斯水城三期,225,12626,"['5室2厅2卫', '中楼层 (共25层)', '178.21㎡', '平层', '139.18㎡', '板楼', '南', '钢混结构', '精装', '两梯两户', '集中供暖', '有']"
"['郑东新区', '郑州东站']",东瑞园,230,20680,"['2室2厅1卫', '高楼层 (共19层)', '111.22㎡', '平层', '板塔结合', '南', '钢混结构', '其他', '两梯三户', '集中供暖', '有']"
"['荥阳市', '荥阳城区']",汉飞壹号华府,65,7722,"['2室2厅1卫', '中楼层 (共34层)', '84.18㎡', '平层', '板楼', '南', '钢混结构', '其他', '两梯四户', '集中供暖', '有']"
"['郑东新区', '郑州东站']",中豪·汇景湾,236,27146,"['2室2厅1卫', '高楼层 (共30层)', '86.94㎡', '平层', '66.09㎡', '板塔结合', '南', '钢混结构', '精装', '两梯四户', '集中供暖', '有']"
"['二七区', '河医立交桥']",建新街2号院,86,13057,"['2室1厅1卫', '低楼层 (共7层)', '65.87㎡', '平层', '58.72㎡', '板塔结合', '西南', '混合结构', '简装', '一梯四户', '自供暖']"
"['荥阳市', '荥阳城区']",瀚宇天悦湾,67,7323,"['2室1厅1卫', '中楼层 (共18层)', '91.5㎡', '平层', '75.24㎡', '板塔结合', '西南', '未知结构', '毛坯', '一梯四户']"
"['二七区', '古玩城']",升龙国际中心C区,69,16716,"['1室1厅1卫', '高楼层 (共31层)', '41.28㎡', '暂无数据', '塔楼', '北', '钢混结构', '精装', '两梯六户', '集中供暖', '有']"
"['金水区', '沙口路']",物华国际,143,15191,"['2室2厅1卫', '低楼层 (共34层)', '94.14㎡', '平层', '塔楼', '西', '钢混结构', '精装', '三梯二十六户', '集中供暖', '有']"
"['金水区', '大石桥']",卫生路46号,90,10123,"['2室1厅1卫', '中楼层 (共7层)', '88.91㎡', '平层', '板塔结合', '南', '砖混结构', '简装', '一梯两户', '自供暖']"
"['郑东新区', '郑州东站']",海马公园A区,310,27576,"['3室2厅1卫', '低楼层 (共32层)', '112.42㎡', '平层', '板楼', '南 北', '钢混结构', '精装', '两梯四户', '集中供暖', '有']"
"['新郑市', '南龙湖商圈']",安联11公里,59.2,6665,"['2室2厅1卫', '低楼层 (共6层)', '88.83㎡', '平层', '塔楼', '南 北', '钢混结构', '精装', '一梯两户']"
"['金水区', '花园路']",第二小学家属院,173,17543,"['3室2厅1卫', '中楼层 (共7层)', '98.62㎡', '平层', '板楼', '南 北', '钢混结构', '其他', '一梯两户', '自供暖']"
"['郑东新区', '白沙']",山水生态城北区,120,9087,"['3室2厅2卫', '低楼层 (共22层)', '132.07㎡', '平层', '板楼', '南 北', '钢混结构', '简装', '两梯四户', '集中供暖', '有']"
"['中原区', '帝湖']",民安西上一号院,112,15753,"['3室1厅1卫', '低楼层 (共33层)', '71.1㎡', '平层', '52.9㎡', '板楼', '南', '钢混结构', '精装', '两梯五户', '集中供暖', '有']"
"['管城回族区', '世纪欢乐园']",富田太阳城,110,13886,"['2室2厅1卫', '中楼层 (共8层)', '79.22㎡', '平层', '塔楼', '西北', '钢混结构', '其他', '一梯十三户', '自供暖', '有']"
"['二七区', '兴华南街']",万达1号院,140,15708,"['2室2厅1卫', '低楼层 (共33层)', '89.13㎡', '平层', '板塔结合', '南', '钢混结构', '精装', '两梯六户', '集中供暖', '有']"
"['荥阳市', '荥阳城区']",瀚宇天悦湾,85,7680,"['3室2厅1卫', '低楼层 (共32层)', '110.69㎡', '平层', '板塔结合', '南', '未知结构', '毛坯', '一梯四户', '集中供暖']"
"['航空港区', '航空港商圈']",郑报润园二期,65,7568,"['2室1厅1卫', '低楼层 (共13层)', '85.89㎡', '平层', '63.34㎡', '板楼', '南 北', '钢混结构', '毛坯', '一梯两户', '集中供暖']"
"['中原区', '五一公园']",鑫苑国际广场,43,9579,"['1室1厅1卫', '高楼层 (共21层)', '44.89㎡', '平层', '33.08㎡', '板塔结合', '北', '钢混结构', '其他', '两梯二十一户', '自供暖', '有']"
"['上街区', '上街区']",16街坊,13,2977,"['1室1厅0卫', '中楼层 (共6层)', '43.67㎡', '平层', '38.47㎡', '暂无数据', '南', '未知结构', '简装', '一梯五户']"
"['金水区', '枣庄']",明鸿新城,115,8681,"['3室2厅1卫', '高楼层 (共7层)', '132.48㎡', '平层', '120.96㎡', '板楼', '南 北', '混合结构', '其他', '一梯两户', '自供暖']"
"['金水区', '索凌路北段']",瀚宇天悦三期,75,12764,"['2室1厅1卫', '高楼层 (共26层)', '58.76㎡', '平层', '板塔结合', '南', '混合结构', '其他', '六梯三十五户', '集中供暖', '有']"
"['金水区', '财富广场']",金成时代广场,115,15707,"['2室1厅1卫', '高楼层 (共31层)', '73.22㎡', '平层', '塔楼', '东', '钢混结构', '精装', '四梯十六户', '集中供暖', '有']"
